,A,B,C,D
2000-01-01,-1.0714199157896716,0.36535078450509395,-0.6515363427840443,1.0778610705039997
2000-01-02,0.6235873137518526,0.02381173924186819,-2.821186077342798,0.9345374810336916
2000-01-03,0.481135026406042,-1.049161496126027,-3.067700617840396,-0.056402730054081474
2000-01-04,-0.5422375369961047,-1.2864501886395179,-4.051694273797268,-1.4430246935748094
2000-01-05,-0.6367418022867104,-0.6957084433604958,-3.576406751113496,-1.1280944410484663
2000-01-06,-0.5826727670125774,0.08416092442072765,-4.369697789745802,-1.797676198439944
2000-01-07,-0.6012993227115179,-0.3297473706398075,-4.183705938295973,-0.8879293438649358
2000-01-08,0.4369197878443499,-0.2720258746651891,-3.413114176215027,-0.39212151342592344
2000-01-09,-0.3502275741467993,1.039351451741516,-3.6304890161393617,0.24658385167799107
2000-01-10,-0.30277952304933103,1.9675622798126344,-3.548418833234984,-0.5964773608950278
2000-01-11,-1.6209554551472716,1.4471179304382278,-1.979300846782703,0.11051990247102483
2000-01-12,0.48957851419087217,2.2383140701259867,-1.0821134833707144,-3.347314309243578
2000-01-13,-0.07449106462226252,2.7625786401553216,-0.7502379030006656,-5.4559014950391305
2000-01-14,-0.10315821997219322,2.372262808485087,-1.106241501197684,-4.900100812130904
2000-01-15,-0.304010011368663,2.7323096290453655,-1.4591196939589222,-6.829841582785596
2000-01-16,0.02993427949691263,3.1337263778623443,-1.9678037431239706,-7.035147770268808
2000-01-17,-1.360638961919298,2.9026175990094036,-3.7031524503948754,-5.641133903329042
2000-01-18,-2.664050933103537,4.444143075595274,-4.01523057665268,-4.789662736250064
2000-01-19,-2.8836635936747674,4.43677476358018,-4.077342750183819,-4.725448416458676
2000-01-20,-1.6439518844866339,4.040390978922855,-5.102211111159251,-4.862560626677775
2000-01-21,-1.5761561632100312,4.080847259413965,-4.251040395031489,-5.188379230977969
2000-01-22,-2.349236018919451,2.4888527072653828,-4.17587790492378,-4.7377146273292965
2000-01-23,-2.2907562051927393,1.347521430482765,-5.010873380138694,-6.186805401454629
2000-01-24,-4.303275285321513,1.4501859895441778,-6.543141786682185,-7.353491707055846
2000-01-25,-1.999414328903256,1.0497952987156416,-7.3538717917465775,-7.924030697799765
2000-01-26,-1.1447046354754078,-0.20933484159333404,-7.073208020488568,-7.963752949303309
2000-01-27,-1.380452146277896,-0.44044883825428005,-6.287040960583564,-7.879018512772093
2000-01-28,-0.39803112030141075,-1.2053956183427132,-5.724856161715789,-8.53530645636039
2000-01-29,-0.07474739643721084,-0.6679923092051118,-4.9809435099168615,-7.698778234047547
2000-01-30,-0.20652411838012738,-0.2338269546346945,-3.5800753633183913,-8.248829902898237
2000-01-31,-0.4644125243984498,0.6438265788817391,-4.906595105459657,-8.584666250469413
2000-02-01,0.7374260474797971,-0.13017344896550742,-5.049143220335817,-9.001242867032028
2000-02-02,-0.9847863878542242,1.302994750829209,-3.6675838361508335,-7.708464081495875
2000-02-03,0.814658078227086,1.7806959983974138,-5.920510693719544,-7.3267600729011315
2000-02-04,1.731751291683721,2.8226776953397126,-7.4949282389935625,-9.137694615602538
2000-02-05,1.4549034386586603,4.2702757999183465,-7.323717686332191,-9.25200601406996
2000-02-06,3.6537112363305395,4.161833290375697,-7.681968275718752,-9.079931436552087
2000-02-07,3.8877735532415607,3.8762795098535285,-10.043402149193554,-9.279355897319213
2000-02-08,5.335658488776055,3.3532254745769134,-9.377281525780777,-10.555492483609967
2000-02-09,4.601208267978459,2.738725648739935,-9.101097542277861,-10.971513546434984
2000-02-10,5.34118003503601,1.5604084942888679,-8.680608275153881,-11.16777892758464
2000-02-11,3.550205230354062,0.279470665464167,-9.482047126953617,-9.837559450043877
2000-02-12,4.0981384606315245,1.9809620493710038,-8.82160685813648,-9.035090657145417
2000-02-13,3.408943850704726,3.863744572831924,-8.735029797897777,-9.888983623959916
2000-02-14,4.070195988351383,3.8652418736477143,-8.433257822882034,-10.213827995170488
2000-02-15,4.076258496076987,2.895613588514264,-9.265431891706559,-9.799449190645916
2000-02-16,2.268387758259262,3.3050428983227103,-7.707909271048259,-9.392032627795693
2000-02-17,2.7456696360038033,4.771359502737134,-7.597316214440462,-8.417360684394867
2000-02-18,1.3983987928526158,4.414257691525382,-8.037398672851428,-10.571384833633784
2000-02-19,0.5967050429848181,4.573710261846984,-7.6288126258112925,-10.787764426924412
2000-02-20,0.7587340306437718,3.171646381697273,-6.773132622441017,-10.693170779113128
2000-02-21,-0.26259598310053,4.078629097213149,-8.345692393931081,-10.926198135206228
2000-02-22,3.022548181356675,6.514053901289374,-9.152876629942003,-11.26647789708402
2000-02-23,2.5960228268158123,7.8948156084078445,-8.622201331868487,-10.27647243114737
2000-02-24,2.2258667270647803,6.358222067101582,-8.91371293931957,-10.633903839232937
2000-02-25,2.976658646998521,6.544585494241968,-9.292650516542047,-10.529136060610394
2000-02-26,3.09886263448989,3.476178739027538,-10.61747500423737,-10.83435446578356
2000-02-27,1.950577887007115,3.4977311513628027,-11.38016528530124,-9.516386552695785
2000-02-28,2.146875367964441,2.6010521227823604,-12.684855446327871,-8.699425682914272
2000-02-29,2.7876145762898283,1.746898783162973,-13.790197246208223,-5.978118765726272
2000-03-01,4.144184079783158,0.2769850612279674,-12.922096970019755,-5.895195858182873
2000-03-02,2.6661280569186534,1.8475043389290808,-11.549367628186186,-5.726118069805851
2000-03-03,2.9298399060579134,2.696914143523977,-11.8574998088641,-6.0232169232493655
2000-03-04,2.5444034319946316,3.0154698215788462,-10.48142187367441,-6.703620155339139
2000-03-05,2.276244388295065,2.683731329724407,-11.373288169908928,-7.078590677088525
2000-03-06,1.6319335153611787,2.915764091011502,-10.628780925430775,-5.853709189952596
2000-03-07,0.7165212112954148,3.810157302595081,-10.539184555329227,-5.054782838856271
2000-03-08,-0.5232976440007554,1.6352890891959246,-10.013065495567313,-5.9065687967003795
2000-03-09,-1.1052154588504797,1.5155823696100692,-10.910083817318121,-4.5500164292031755
2000-03-10,-2.676320903869014,2.9885046371391475,-11.332831024484612,-6.965005819995078
2000-03-11,-2.193034778110385,2.67337379822347,-11.585209023261989,-8.309695633213208
2000-03-12,-3.144707746055301,2.6053860912849154,-10.918363536259921,-9.827713654131651
2000-03-13,-4.0064580051132435,2.408536565628196,-12.014622535654766,-9.901416418132953
2000-03-14,-6.571055083562319,3.2425387721346386,-11.492122914830816,-11.02001602517101
2000-03-15,-7.214365371890247,5.660056393882135,-13.42998446908454,-10.18795943676286
2000-03-16,-7.4110195609809075,4.892413965065202,-12.499148414909275,-11.913506840188234
2000-03-17,-6.515968358507983,4.688805505079875,-11.418934351250213,-11.913317181802615
2000-03-18,-3.5824713915167403,6.024664530535708,-12.495214798279996,-12.78980476060236
2000-03-19,-3.0557372914059107,4.193610545622679,-10.98586590455975,-12.760752188550955
2000-03-20,-1.6827860759904814,3.7748838863315175,-11.536989424308992,-11.817273886101027
2000-03-21,0.7717505877864663,3.630861323854283,-10.398696457003592,-13.034275904246648
2000-03-22,1.7484695844627847,3.3170829872753966,-10.145406450590873,-12.140330687683205
2000-03-23,2.958743097089526,3.8672512551592764,-10.08716130855952,-12.671526919851193
2000-03-24,2.794925378304003,3.937416821317161,-9.519720632133579,-13.34117755671586
2000-03-25,3.159569905712547,3.1674718747988977,-10.748511396333393,-12.964627404950727
2000-03-26,2.1152501558867356,3.2750123278945087,-10.373176143721162,-15.666018042253313
2000-03-27,2.0931849607134803,2.1711984469037313,-10.189854190242254,-14.73181252236214
2000-03-28,1.9553417446062518,2.5162223495736518,-10.870605316382061,-12.993735222339994
2000-03-29,1.4026561930794508,4.134248530625879,-10.171725351139038,-13.638635185892161
2000-03-30,2.2604798465655445,3.6576312551282837,-12.28682972565488,-13.536237352799668
2000-03-31,1.1731315022372075,3.0351335941555933,-13.310793537044836,-14.126953259112497
2000-04-01,1.508040845515429,3.227217671880243,-13.401892630241987,-15.8885508034176
2000-04-02,1.7825741356569966,2.8159738000265166,-13.101265877505439,-15.497229530773007
2000-04-03,0.2773975398691657,4.696888851091744,-13.075869441553701,-16.160359884583215
2000-04-04,0.6088844312749242,3.6336255726913653,-12.403376245599603,-17.176193058558784
2000-04-05,-0.8299732634821406,3.956696957016523,-12.611076385692126,-17.66601452513258
2000-04-06,-0.17861847949657728,2.500829765427868,-11.508007935045978,-16.837441150926022
2000-04-07,-1.790081947017802,1.2092576865823643,-11.028718142442017,-17.280040665951542
2000-04-08,-1.606369402029606,1.469268356303662,-10.99625877705176,-14.792372087273087
2000-04-09,-1.0588570897692027,1.5716747239123132,-8.428067450272195,-14.317785705665862
2000-04-10,-0.1978495856992052,-1.1624523914416443,-7.622344787697836,-14.818248941805882
2000-04-11,-0.431888521939069,-0.3181416193051997,-8.591502452877815,-14.592087530144424
2000-04-12,0.2748240552896555,0.6045141292126782,-9.967774313634052,-13.703953706756417
2000-04-13,-0.515087249138829,1.3247770050112577,-9.85434139425518,-13.158561751787758
2000-04-14,-1.0069173961872306,-0.3726472669133052,-10.24947373082864,-13.14669911224076
2000-04-15,-2.4327004337946447,-0.5806681655684338,-10.399280214624126,-11.266957110379762
2000-04-16,-2.075165983622089,-0.7046139826602262,-10.249077113936199,-10.980782712365531
2000-04-17,-2.2977581764797805,-0.3361131225897105,-11.401403192403542,-11.420172068130961
2000-04-18,-1.2193849526778604,0.5696231939687514,-11.996150770842373,-12.499908486881473
2000-04-19,-0.8525149107732903,0.403758753435716,-11.571584650233138,-12.005493346649361
2000-04-20,1.8270474397430387,-0.9390115909330615,-10.873310033027217,-13.0722930472974
2000-04-21,0.4920385136355754,-1.2870249912023155,-12.450945703881276,-13.826286327576163
2000-04-22,1.8520382660320975,-1.3616780421219599,-13.39887590504962,-13.969948500634022
2000-04-23,1.1786483547031619,-1.321896727279329,-13.37902098247212,-14.541189149934734
2000-04-24,1.4170952838832334,-2.954697036983394,-13.695378757596727,-15.87475119869753
2000-04-25,3.2652319228968474,-1.672193058548151,-15.714845580148708,-16.204171328545975
2000-04-26,4.742396610030149,-1.1655269034571814,-15.989582681620062,-16.03356475111499
2000-04-27,5.723633195904264,-0.2819073568246063,-17.91068164929451,-17.0978907196678
2000-04-28,3.4142322059143955,-0.781072597004279,-18.429266973051195,-16.600371673508906
2000-04-29,2.4095291338876113,-1.3577535851953233,-17.800078394414165,-15.586235316305705
2000-04-30,1.0476082324176599,-0.7607943562110153,-16.790862837409666,-15.308956439197667
2000-05-01,1.0338141998316872,-2.9867670800682387,-16.458564591014763,-15.105462014777462
2000-05-02,2.5718977245967976,-1.3227382598280097,-18.01964643557646,-15.873484437858636
2000-05-03,2.767403651733647,-1.5976834600591578,-18.133838460415614,-14.977645622187246
2000-05-04,3.748871787680726,-1.7849680116551485,-20.636583274422133,-15.794892429386406
2000-05-05,3.267031006906537,-2.5280785100233736,-20.205795788981934,-16.028106410593544
2000-05-06,2.1993143726843596,-0.3398213576015654,-20.367545156426768,-16.230561376271396
2000-05-07,3.076682061282662,0.17579271389568063,-20.320111947633944,-16.140446204910308
2000-05-08,2.1388017182687014,0.0209640723167005,-18.898543644328697,-16.153712399442266
2000-05-09,3.18217645862582,0.11001272989576995,-19.67739222050484,-16.01501298191709
2000-05-10,3.9249467715468267,0.6067300275065556,-20.99049450751508,-17.604971659595606
2000-05-11,5.763397792598412,0.4755740368503444,-21.98199119315682,-17.300339619755256
2000-05-12,6.952740479317325,-0.5852769118275191,-21.721979524868978,-16.959567549582175
2000-05-13,7.949464077556808,-0.5546134001723341,-21.35039021325474,-15.995975173724364
2000-05-14,6.9005816128580335,-0.9814482605311259,-21.243090284483788,-17.21802053604023
2000-05-15,6.686890608361205,-0.9207756936848398,-21.390652071833753,-16.023978030177606
2000-05-16,6.274756103097691,-2.4021167967222197,-22.310121725028434,-14.786857586041906
2000-05-17,4.933182699131859,-2.2410767611554085,-21.49919349251775,-15.29374756196595
2000-05-18,4.453667159641382,-2.3497290082458004,-22.218753577327867,-17.30763262518489
2000-05-19,4.017852466306585,-0.6573166865788591,-22.69298949398087,-15.465898373120309
2000-05-20,2.91178241351819,-0.38973917317304946,-22.99937834792519,-13.22434376040031
2000-05-21,1.2228154236330453,0.7243590943885683,-22.764867875704606,-11.499901234975734
2000-05-22,1.186460121015472,-0.9715784561494454,-22.424869763457497,-13.615698507271603
2000-05-23,-0.6626742746045191,-1.212317433515901,-22.29483288139802,-13.585268434100902
2000-05-24,1.4546564594849771,1.0356568013103362,-20.14006233769228,-13.981004002052616
2000-05-25,2.5018945861502866,1.322127032337556,-21.383234419789478,-14.929632543127745
2000-05-26,2.9822469955202604,1.7209682457853392,-21.24255061845049,-14.900139214787991
2000-05-27,2.9511121423246855,2.025028212701232,-20.570239285255873,-16.824566917079743
2000-05-28,3.1079123404870392,1.5359375797655508,-20.81507291995696,-17.08857076766417
2000-05-29,1.7082555496688916,1.7257709596181119,-20.97290299863015,-17.996829583628877
2000-05-30,1.7139263519547492,2.115949653990811,-21.385145702351988,-18.186326766981193
2000-05-31,2.601293588294019,2.299092687915004,-22.240784301108157,-19.32038124205565
2000-06-01,3.371204017453838,-0.13760121041391216,-23.37690705667957,-20.08853303597754
2000-06-02,3.9097097577956053,-1.3668685882204266,-22.85033347887348,-20.56399178326968
2000-06-03,4.300977000030517,-1.6256534505400488,-23.23137714314571,-22.26253271100621
2000-06-04,5.239173337667236,-3.292288800180822,-24.319464001937067,-22.23703122561776
2000-06-05,7.4646256283767,-2.9542189529080334,-22.92352928042978,-22.23870430497147
2000-06-06,8.586062531325256,-3.226158649812935,-22.408643390287253,-22.233630157304532
2000-06-07,8.347946373275235,-4.2462901627882825,-22.915646464152196,-22.357162002120763
2000-06-08,7.147382626415906,-4.327552608520768,-24.05711116674383,-21.262134801578377
2000-06-09,6.174873449972306,-3.82775966464456,-24.409139610641684,-20.878660036609368
2000-06-10,5.527295012731976,-3.2805241659020563,-24.23251269776858,-20.460009188765586
2000-06-11,5.9152982239914715,-3.3203849172183575,-23.169751498815867,-21.57479687890459
2000-06-12,6.004715657342965,-2.959721053449252,-23.74024275315829,-21.687299632920872
2000-06-13,6.49167739135604,-3.470896646523453,-25.131422266042854,-21.717452748714642
2000-06-14,5.39446913577031,-5.40309019861993,-25.480927641020028,-21.64159398366338
2000-06-15,5.740692002389815,-4.353254741773978,-27.40757624284296,-19.0956391533545
2000-06-16,4.931905100732887,-3.7708353202686036,-26.691791827485492,-17.274468395769276
2000-06-17,4.696849449440995,-3.208085153838209,-28.539236744279222,-16.914743143265497
2000-06-18,5.677535608565105,-1.772524529450068,-29.00144095017195,-15.790465537291189
2000-06-19,5.888388531356088,-0.4599584801508374,-30.46451075560909,-16.25421939044474
2000-06-20,5.476579976639305,0.2397470692936824,-32.09723354481692,-16.70731588135683
2000-06-21,4.818255736238261,0.6518467878025269,-30.73658116606006,-16.872979332338765
2000-06-22,6.964018388556571,0.5916685729336935,-29.59549567227528,-15.667796939556734
2000-06-23,6.076953193270995,0.8744947218164096,-28.908707329838695,-16.378721839391808
2000-06-24,7.634469433859314,1.9307435978029157,-29.038299270454253,-18.890393275413697
2000-06-25,6.7858892897186145,2.379061084533364,-28.393646362254852,-18.258169401083375
2000-06-26,6.699021482628336,1.2189506538786807,-28.964412124241107,-17.558497328038392
2000-06-27,8.194923304821616,1.5309385348204825,-31.251889467344714,-16.288550657825454
2000-06-28,5.600245829034224,2.869596782309941,-30.82827030490346,-18.285184601128297
2000-06-29,6.2265292657567155,2.8478935282008737,-30.428193592958507,-19.137988576938735
2000-06-30,6.737172316324862,2.6118180788693817,-30.653275131741452,-19.487783378053216
2000-07-01,7.221298231254228,1.965427764560343,-31.13707655113414,-19.2274866329705
2000-07-02,7.461040159758077,1.2114989591537957,-30.434367125437596,-20.50657300665708
2000-07-03,8.370216718271568,0.9396947181762814,-28.980799328716646,-20.34478767165734
2000-07-04,9.541747367195597,2.7618260351181156,-27.4735516845728,-19.252806613414414
2000-07-05,8.607963064191186,3.7474499311832057,-27.37753129273138,-19.395037206112832
2000-07-06,9.58396662062766,1.9252752684636518,-29.895145086461103,-19.78623150186289
2000-07-07,8.77926029328729,3.7161977278818012,-28.2597757022494,-18.894675734582222
2000-07-08,10.086908616633917,2.2682526313989197,-27.61244117247,-21.764149077237395
2000-07-09,10.430864928091763,2.172126654875423,-26.169638609920238,-21.077717676080578
2000-07-10,10.086454431105102,2.9788270524616967,-26.31504280882697,-20.865053018074924
2000-07-11,12.003413306100475,1.8233680138236024,-28.705604588225707,-22.634772405926324
2000-07-12,13.56462400975042,3.1125923657485277,-26.072103634647664,-24.022467819692622
2000-07-13,11.508826574512817,2.113829011221312,-25.916964861970403,-23.64884007839886
2000-07-14,11.722594960585539,2.7151952362206386,-26.385673586458225,-25.311206436357928
2000-07-15,10.47754220185535,2.523786809930021,-26.982611643622967,-23.12636199701454
2000-07-16,10.904168140039122,3.5293446851133075,-26.01453503644221,-21.31888274034446
2000-07-17,11.468352512618539,4.7789829080496045,-26.739029499263314,-21.596068114234832
2000-07-18,13.374127420719038,3.6283650639407283,-27.323300356924367,-21.96360975082104
2000-07-19,13.161745340957072,3.4494209190613976,-26.409555952819623,-20.988711023959034
2000-07-20,13.411538375629867,1.2728283972822552,-26.677378556317578,-21.559646003318925
2000-07-21,12.9279987693634,0.9114123485938579,-25.908097607160702,-22.224162012082914
2000-07-22,11.575751802806156,0.5077081574253883,-24.703301707071024,-20.12653330274567
2000-07-23,12.060771062973291,0.6200973220985528,-25.014504444507104,-20.57174063447927
2000-07-24,11.710503979145631,0.6274615342944637,-26.224422450549895,-19.540792679054363
2000-07-25,10.93896457809257,0.9993740645391825,-27.95588063361,-18.80127590332463
2000-07-26,12.63113539962076,2.4855568188513093,-27.856058016177318,-18.624029715341983
2000-07-27,13.663884648963707,3.080635164970575,-29.355663637552997,-17.579359395230618
2000-07-28,13.986715190381263,3.118831708232616,-29.819896443887572,-15.669812297301458
2000-07-29,14.472415676532622,3.151706948762037,-29.944634276107962,-15.495960974360024
2000-07-30,13.915006367316971,1.8822345691133584,-30.35390862765002,-16.185150102808862
2000-07-31,14.259565486554626,1.848528142812982,-30.362912781944395,-15.227107694088748
2000-08-01,13.974274030996632,1.5086522204274966,-30.74070478611911,-12.840095883697007
2000-08-02,12.362036119258244,1.9206409810553864,-28.704826672247542,-12.995031558819223
2000-08-03,13.449326801544528,2.2329873288931106,-28.314855463322747,-13.757237213261536
2000-08-04,13.916929766164317,2.4859112662413403,-29.9080139348602,-13.389319296057439
2000-08-05,12.211809938017716,2.44391360330176,-29.861539334158156,-13.240723420198139
2000-08-06,11.717949841278658,2.007668447411973,-29.107720653745126,-14.243719752105449
2000-08-07,12.221080057909163,3.1231986199643265,-30.070279579680435,-14.375023414644051
2000-08-08,10.870004370514568,1.639832512492847,-30.426430348025697,-14.681389941837066
2000-08-09,10.08854528156521,1.9486493873406772,-31.19633541267163,-14.46143104176172
2000-08-10,9.140887853357972,1.269468418386027,-31.0397315439742,-14.754993354643208
2000-08-11,8.294446297221906,1.1625523300922893,-30.23390814761746,-13.769988613025086
2000-08-12,8.2915846082149,1.9040860093954568,-31.192357604606038,-12.374480405084181
2000-08-13,9.154373540642492,0.8934898880206716,-30.9167111693233,-10.752488266629628
2000-08-14,9.472282385546587,0.4333852183764376,-32.03742520506382,-10.172685957910252
2000-08-15,10.139709157573616,2.2539120905777463,-32.66345103787286,-9.779662195689728
2000-08-16,9.786019208533368,2.029210496078477,-33.05130418465615,-9.280110753997771
2000-08-17,8.710937538972173,1.5581147327261293,-33.89878414317148,-8.669085217005124
2000-08-18,8.317564473847591,0.6745807468594021,-34.87296884572907,-9.03134619894865
2000-08-19,8.154267938994007,2.8097569209096904,-33.7755278566578,-9.294169112994448
2000-08-20,7.725415034911677,2.7349925852516592,-33.36891174733165,-8.679566797811209
2000-08-21,8.283516693416765,3.4991961660721107,-32.3223396431801,-9.836968281682982
2000-08-22,7.2495528007167955,1.8407186762110335,-32.13316282319679,-9.195823690193837
2000-08-23,5.775632105000603,1.5115786623808656,-31.753417803694465,-9.84745613865408
2000-08-24,6.699320437920118,2.407441906518997,-32.05604154897944,-7.903187701348189
2000-08-25,7.2087181928798785,4.00052394865622,-31.757591557006982,-7.420816021459133
2000-08-26,6.072107115188963,6.065487184717406,-31.294439103753643,-7.749887225805808
2000-08-27,6.705306584664586,7.582070019670001,-30.932163313735277,-7.862806944378171
2000-08-28,8.494502270932522,8.357870566620512,-32.050480202065884,-8.095110397922586
2000-08-29,8.91741499836721,6.672319892913271,-32.00172191656747,-8.14060822655341
2000-08-30,6.751455480515606,8.394064236531058,-32.44657435102601,-9.236666651895673
2000-08-31,5.482212707607459,5.86205546897596,-32.720366496869424,-8.439795041744157
2000-09-01,4.517916360074661,6.768176458803278,-32.10802931701357,-9.233749970041016
2000-09-02,6.0564701567349175,6.926506979955028,-31.220404037452855,-8.317489377954098
2000-09-03,6.085105508322191,6.014503434841025,-29.798433695414246,-6.4633101858355655
2000-09-04,4.989559875327098,5.841733385699711,-28.47907522900472,-6.408254716567479
2000-09-05,5.794413913740699,3.4694629779731034,-28.855067858986967,-5.149445879559464
2000-09-06,5.354041596956492,3.6727841632327367,-28.522193764623275,-5.921457076973362
2000-09-07,5.271294815628925,3.6095614405199217,-27.9889856074279,-6.4146950355594905
2000-09-08,5.360105757865481,4.177570576011202,-28.013542252052087,-5.908989229977597
2000-09-09,5.494527809626757,3.431981120779049,-26.85520830376027,-7.126393607646806
2000-09-10,5.905603911634994,2.336459014133745,-26.587695736500166,-8.050196742270424
2000-09-11,5.946260385606706,3.8451708423135114,-26.73627817273452,-7.566406200366744
2000-09-12,6.278114306074697,2.6084283867223874,-25.954161572314284,-7.689197068079405
2000-09-13,6.712392282833171,2.086216086180284,-26.372527398798255,-7.885104621729688
2000-09-14,6.550250963804945,4.4799345673510125,-25.042214231439974,-7.524743007729089
2000-09-15,6.941667911881005,3.5210009017669064,-23.25097554068679,-7.591028729209037
2000-09-16,8.088084942864937,2.967223603869144,-22.852904827144446,-7.360595350068412
2000-09-17,8.653886877880542,1.775875046180397,-22.811362920997723,-8.282101398756117
2000-09-18,8.035110631313763,2.5541706157878155,-21.97446834932116,-7.539723705247102
2000-09-19,9.638669714268495,1.8757284959133793,-21.751537393313246,-9.395393560484882
2000-09-20,9.347457037218618,1.4932084104118535,-21.518975485372717,-8.296282583708647
2000-09-21,8.278049559995779,0.43829309266071603,-20.696858397772665,-8.028568308598517
2000-09-22,7.458154365346894,0.07063228554747286,-20.90203855169858,-6.0293838022146105
2000-09-23,8.297584787117437,0.12337338521439789,-19.98346923152991,-5.7694679686286925
2000-09-24,6.555012975512287,0.5101909885072202,-19.911979416080744,-5.569912364452992
2000-09-25,6.051954016447357,0.3665145141052034,-19.802911078609924,-3.3576140724724044
2000-09-26,6.107968571237148,0.11421180251875485,-18.510769411460235,-5.491301453648516
2000-09-27,6.152827929941285,-1.1834126140038659,-17.74504739494179,-7.913607432006036
2000-09-28,4.419393296557209,-0.5646840567929688,-18.1700220146286,-6.662179643481604
2000-09-29,4.299662685472687,-0.8005591592835913,-19.16038362428725,-6.028063488744543
2000-09-30,4.608522435234212,0.6266739520774182,-18.195080761975703,-5.217712995457674
2000-10-01,5.96169270355601,0.46650077021695,-17.32674956282567,-5.515452431158741
2000-10-02,5.230703104954947,0.570982972306068,-17.80806995291133,-4.878947368257081
2000-10-03,6.069130236959785,0.06649690085126125,-17.336429611598685,-6.373264379511944
2000-10-04,5.779948210726537,0.018621170239219748,-17.51500690427245,-6.344782682400718
2000-10-05,6.426962792490279,-0.15324789600006533,-17.807813572529316,-6.0206405317377385
2000-10-06,7.073730985876445,0.5488320799469677,-17.268948261181123,-7.5039783660113955
2000-10-07,7.053847116162545,0.4126115879102096,-16.334824725799542,-7.522462456755217
2000-10-08,6.996622408565781,0.7244619246180666,-14.906737811024366,-8.35621891869318
2000-10-09,7.430724367210957,0.07352082773741686,-14.116417075830572,-7.545606526690635
2000-10-10,6.665853116998784,-0.7493836957486701,-15.153003835826029,-7.269074487218273
2000-10-11,7.611599725284564,-1.0615143032437355,-16.34431472207359,-6.680404941778564
2000-10-12,7.666785931327836,-0.695717504179314,-13.990464899268314,-7.772207399397202
2000-10-13,7.977667532651118,-1.1741514476733959,-15.710121034484244,-5.818323362159811
2000-10-14,9.67484495485997,-0.943355643661155,-17.829517338696228,-6.002522320235916
2000-10-15,7.911360045958117,0.5561405941742037,-17.332145352441227,-6.747253543576997
2000-10-16,8.495438992687824,-0.44399583267202325,-18.01227707632459,-6.092602024139919
2000-10-17,8.809662793591377,-1.983575017843007,-17.770556911459032,-6.454922272219189
2000-10-18,8.792796381013801,-0.9710553858603692,-18.930719933588414,-6.345395504840619
2000-10-19,9.408597267704604,0.4634833942350822,-17.95259933549087,-8.290825046751568
2000-10-20,9.095226824290156,0.04860871844197484,-20.17215294439314,-8.120320669410692
2000-10-21,9.385069556296838,-0.8947493594005433,-18.72552950774966,-8.343926699131407
2000-10-22,7.732288438541393,-1.6508752782691771,-19.051118947005943,-8.625702480133617
2000-10-23,5.609378759405821,-1.4109098928847656,-18.832236597916463,-7.763147347329821
2000-10-24,6.284387306752571,-3.8648486011981813,-19.967548390175192,-6.992937080707327
2000-10-25,6.1180122314356336,-3.2936342543413506,-18.926440960857907,-7.051713394883887
2000-10-26,7.3842041303251005,-3.5126998759198065,-18.31221714332481,-6.689087248007252
2000-10-27,6.601159925425288,-5.480663670553458,-19.317889693947375,-7.36568888028265
2000-10-28,6.736358681662519,-6.115754819292453,-20.3838095196135,-6.936613206256365
2000-10-29,7.586407048626391,-4.999446385950971,-20.61631631983659,-6.9138603885390815
2000-10-30,7.757673849459884,-6.014705531008555,-20.812179789082066,-7.070307590449894
2000-10-31,8.111890150712822,-5.167953617270789,-20.814068028998275,-8.398427961595328
2000-11-01,7.838967183169842,-4.735373718922487,-22.856167602791924,-8.720444459320811
2000-11-02,6.000747784499839,-5.626284428896897,-22.73762406633484,-9.03604969898
2000-11-03,4.8755809126723175,-5.965968396232896,-22.05883543506307,-7.576855443937424
2000-11-04,6.494179623001852,-5.845107227437086,-21.598425343677338,-7.200178414906067
2000-11-05,7.748170728963932,-5.803353805988112,-21.235590171454778,-6.7818366357177275
2000-11-06,6.624857613511569,-7.418923672832872,-20.064872766874007,-5.859326408791432
2000-11-07,6.681992291707397,-7.974576000503418,-20.179065363774995,-6.341852732840631
2000-11-08,7.060464130690485,-7.9780491637302235,-20.64904416201353,-5.4469874281931565
2000-11-09,7.096718166927613,-9.705954929548666,-21.37889502906715,-5.729255973784499
2000-11-10,4.544946709311421,-8.964881346299794,-21.152791527581236,-4.676900859560786
2000-11-11,5.027280508261861,-8.839199932847752,-20.614757289024123,-3.9175026470427383
2000-11-12,5.614822623527232,-8.713248554509967,-21.062665718369388,-2.258144047053697
2000-11-13,4.630106206274197,-8.538582831963604,-22.19587580186058,-1.0337146403235207
2000-11-14,4.578929967702891,-10.550955407770841,-21.90175792816846,0.10938568428757112
2000-11-15,5.114005852592635,-12.737234269355021,-22.83298892449544,1.1148046806792289
2000-11-16,4.951884166016458,-12.875448073669972,-22.38026587452774,0.5540190070027052
2000-11-17,5.549270678122905,-12.543281010690912,-23.218093018200314,0.9922101570675917
2000-11-18,5.137606418548567,-13.756936913293195,-22.576234386084124,1.734547298307459
2000-11-19,4.911776368292108,-14.258466434984374,-23.00549037227288,2.690740672375559
2000-11-20,8.183987564514764,-13.310527684122324,-23.613202413952674,1.9238144624587288
2000-11-21,5.543725665102775,-15.235645203044133,-24.40523666369051,0.8065464751670037
2000-11-22,5.61233036349605,-13.643055735267955,-22.325958972670872,0.03364703735609409
2000-11-23,4.991726794389168,-14.006724552923144,-21.564586718540397,0.6162524916117138
2000-11-24,5.603225099168089,-15.65306794687132,-22.13365670811037,-0.7620914223823003
2000-11-25,5.174630624688746,-14.18018422741665,-22.13500505256004,-1.6963942479394065
2000-11-26,4.090815894896913,-15.357947448381344,-21.557633445240292,-1.1451153146459103
2000-11-27,4.070681894162469,-17.335324708718353,-21.205366865514925,-0.9893622705577219
2000-11-28,4.52954267508178,-16.86781937507589,-21.104898855480144,-1.4384924268861266
2000-11-29,4.440093153760674,-17.234586592774573,-20.634031295958067,-1.0028703841890279
2000-11-30,3.3715502268073454,-18.828517585540364,-18.83132072974917,-1.5443865265782055
2000-12-01,3.3789735196642154,-17.712103029020973,-20.11357509516811,-0.7064889433713816
2000-12-02,2.9990742233806795,-16.98659287047468,-19.907296164875746,-2.1494900694135093
2000-12-03,2.839335800158963,-15.821475124105254,-19.28560901556888,-0.9683919780802779
2000-12-04,2.501144207990049,-16.47070507779686,-19.82523208062749,-1.2044936723856299
2000-12-05,2.6753721608964374,-17.231036320330983,-21.17960850508842,-2.2466637578809996
2000-12-06,3.6906520130656766,-15.620078205430273,-20.782894729924873,-0.8907514508278296
2000-12-07,4.907949524105028,-14.904467235199073,-19.54365274178799,-0.8316820666010153
2000-12-08,5.831955227405983,-13.783640976846359,-19.85342120705211,-0.517095967574043
2000-12-09,6.793247234360558,-14.360456774308947,-20.624877843125876,-1.4345438510606385
2000-12-10,6.916047443991429,-14.168052145503243,-21.10139102722149,-1.858442242774573
2000-12-11,5.97937017993284,-15.303874894405055,-19.873581982251956,-0.42221764425898
2000-12-12,7.303789369972845,-14.398086268496945,-19.34593478193419,-0.5935364526131548
2000-12-13,8.189528484106198,-14.414686561737975,-19.44442826759975,0.03771004923796217
2000-12-14,8.632726987875323,-13.547794478484509,-19.177130660320802,0.7167922432312114
2000-12-15,10.06340990212144,-13.33054579715427,-19.612477198353663,-0.1736232013731388
2000-12-16,10.18362637283538,-11.810463763968249,-19.435091523523575,-1.8915274313497625
2000-12-17,9.667270309872617,-12.177447373141545,-19.25130423766812,-2.692097719537941
2000-12-18,9.023582033959741,-12.508654548807012,-18.031898431540395,-2.276120421451838
2000-12-19,7.729807424561537,-12.942555604969073,-15.836849749598109,-1.492109822752063
2000-12-20,8.781677218621978,-12.673921891481019,-15.846743895361783,-0.8082680989990298
2000-12-21,9.013019555280424,-12.934048796049744,-14.573530762642138,-0.48275427789596725
2000-12-22,10.025993196360336,-14.107713447852914,-12.876909308112221,-2.271425033716862
2000-12-23,9.710746009184923,-13.893094756801446,-12.443208722467366,-1.7561487762096508
2000-12-24,8.394150220682416,-12.145040198128928,-10.050145865805229,-2.920594299535397
2000-12-25,8.005642517208676,-11.445416924799483,-10.941724634029512,-2.18853869208494
2000-12-26,8.740870811820422,-11.6164178734522,-10.187559996601092,-3.681533824544517
2000-12-27,11.02991027263199,-11.467107432504854,-10.680796126319661,-3.5233170441262165
2000-12-28,11.48106088079138,-11.793506614987676,-9.715264287414875,-3.2661371902513436
2000-12-29,10.921089050566303,-12.730257810765053,-7.353470201100409,-4.056991667819689
2000-12-30,12.201193642741654,-12.879675650476022,-5.838418101102055,-3.1914211309845375
2000-12-31,12.150541398930441,-13.851690365449482,-5.694992599556249,-3.125592466488993
2001-01-01,11.4661163889708,-14.81768325686017,-5.219404918140328,-4.574060802001869
2001-01-02,11.838212819027198,-13.90904815194481,-4.094865310003431,-5.8013019271367625
2001-01-03,12.969576894976356,-14.001305171907688,-4.453436933247125,-5.803483344131199
2001-01-04,12.62990732172578,-14.10021177249616,-5.040130327969616,-5.188797704668939
2001-01-05,12.201404290925908,-16.06809600472202,-4.756019779152262,-5.642587199865108
2001-01-06,13.013386504335113,-15.461161362922107,-4.852703462413426,-5.419407321772587
2001-01-07,13.489270353706969,-14.921519007389918,-4.313170968838665,-4.929578135415195
2001-01-08,13.972056208083934,-14.148220623718636,-5.7660669509392894,-4.969503527692034
2001-01-09,12.809094374698061,-13.788252246072537,-6.182264346210752,-5.569681459128113
2001-01-10,14.12116150409706,-15.217119259803821,-6.59775163933033,-5.141182187542118
2001-01-11,13.411085656767819,-15.044404281032367,-6.700999251441897,-5.442446705136861
2001-01-12,13.765576032838949,-13.216155982395435,-7.213795712090999,-4.205575094880927
2001-01-13,13.48658187814987,-13.926391643423257,-6.846778100256795,-4.878410777016013
2001-01-14,13.65028315603835,-14.400109520655802,-4.846329750649905,-4.495556285859064
2001-01-15,13.458395355911602,-14.561631636016388,-6.172824598726681,-4.029068108164307
2001-01-16,13.648044968398459,-16.91754264128303,-6.982261893705627,-4.329931646430609
2001-01-17,13.332856518138597,-15.047285745453932,-7.8154912723733085,-4.21705482335223
2001-01-18,14.274933446459714,-14.719471430008829,-8.991403001742194,-3.5267503324702485
2001-01-19,14.128307761445255,-14.141376780155992,-8.686948996433953,-3.2013872049606555
2001-01-20,13.374438195054502,-13.239115497108706,-10.926646669179442,-2.1141337596343956
2001-01-21,13.64819977879613,-11.28057932768397,-11.628798251454633,-3.225016362008336
2001-01-22,13.63388557512543,-10.959289626843534,-11.89271533872382,-3.6755310973085993
2001-01-23,14.6941665329061,-10.334405796866243,-12.715227080714493,-4.305830428798762
2001-01-24,16.176998532620402,-10.781529790643091,-12.020789118182819,-4.241552432239698
2001-01-25,16.083073848545567,-11.569201927507558,-11.93621924733042,-3.464844726979637
2001-01-26,16.714358349505023,-10.199049873798886,-11.370392088492677,-3.002899345911603
2001-01-27,17.293664207906797,-9.826510047534526,-11.969714411666061,-0.6996992616831017
2001-01-28,16.934571268098047,-10.79719206615971,-10.062063160523683,-1.5430633011763044
2001-01-29,14.925205635530865,-10.122159403562652,-10.8179072149906,-1.4892916032205556
2001-01-30,14.505519985678806,-10.31959186764424,-9.687253144523549,0.9639682860396837
2001-01-31,13.444017530284643,-8.754193248485077,-10.409878193707659,0.4171740960552869
2001-02-01,12.636214629366734,-7.530060006846993,-9.904005391483857,-0.4471478984388001
2001-02-02,14.19710889489425,-6.7747837283248415,-10.130069929906453,-0.9139799738979959
2001-02-03,14.41389117938678,-7.5323521336213375,-10.515927655637324,-0.5585398135487062
2001-02-04,13.535204603857288,-7.418489284577094,-9.740799005296061,-1.280569214116944
2001-02-05,13.801771525392324,-9.04624168234652,-9.20255484841563,-3.2002467207083143
2001-02-06,14.113393441771686,-11.049679312602418,-10.191161292648632,-4.208612015067257
2001-02-07,13.243068667235566,-12.172453145142656,-10.715182853851577,-2.9144566508574448
2001-02-08,14.151064847523164,-13.454177685710725,-11.670670509516977,-3.773901779097408
2001-02-09,15.242498289391703,-11.900985830049919,-12.173400999669605,-2.5575516801925766
2001-02-10,15.279207590007346,-12.34289559660873,-12.66315242083743,-3.427243036387695
2001-02-11,15.512826794063773,-13.020275292561202,-13.091127315742055,-2.8290450330728314
2001-02-12,15.029054167178407,-11.939532751043252,-12.587612139852807,-1.1425782342252417
2001-02-13,16.751107823827446,-12.465949543401917,-12.897089721884043,-1.6083863353593586
2001-02-14,18.013043272007845,-12.989284275757617,-11.492267100724511,-1.466690128635628
2001-02-15,16.522829045772262,-14.187503571781805,-11.300865114886404,0.013508628451815996
2001-02-16,17.364346888525013,-15.793927617871125,-11.461985421612049,-0.5013468823392254
2001-02-17,17.313539888194974,-13.976495200283845,-11.502214289791487,-0.759270274037197
2001-02-18,18.60814270940298,-14.934745238760769,-10.286209794515269,0.12139491248037615
2001-02-19,19.285358769107066,-15.159142340820535,-10.946563009006272,0.4183727892348702
2001-02-20,20.287322624117788,-14.41033164190089,-12.204392153445484,-0.44334703749659066
2001-02-21,20.059695991975765,-16.420582047098993,-12.23623872487607,-1.3166236185510758
2001-02-22,19.194129436623175,-14.294983973788172,-13.840480951349493,-1.5707695166667734
2001-02-23,20.763995948963935,-15.220302506788737,-14.862631423326919,-1.492361543951798
2001-02-24,21.425597496380384,-12.782660517733436,-16.21456340730246,-1.7263627124369578
2001-02-25,21.371447386913395,-14.236635366119877,-16.901442047771578,-3.5244160029042186
2001-02-26,20.445834627374744,-14.077444796202187,-16.246317154615767,-3.192687194143552
2001-02-27,19.66205539242261,-14.180147208211215,-15.625652608449322,-3.1875276910835897
2001-02-28,19.169369036030044,-13.60795720181498,-13.941538028289363,-1.8690457637243985
2001-03-01,19.36153996317705,-13.640631648910544,-12.30796816411712,-2.754946037712684
2001-03-02,20.081681433861853,-14.181281112764406,-13.763011631280982,-3.3192471522145826
2001-03-03,20.85754733470423,-13.574442364233064,-14.39558436933454,-3.417011049530419
2001-03-04,20.59484685502481,-12.68868247813854,-13.8596414600936,-5.184760816837875
2001-03-05,19.67572734628209,-13.427879215643614,-14.08185611428951,-5.718809473804567
2001-03-06,19.03103588206446,-14.17887931852069,-13.437903959995355,-6.7100017821833005
2001-03-07,19.418326858058368,-14.547620614506119,-13.301540062723069,-8.168146248232537
2001-03-08,18.041106055136634,-13.542667756104397,-13.398442256505946,-8.296560421986033
2001-03-09,19.456216330609532,-14.069461069122838,-13.8422505521834,-7.9819072449068225
2001-03-10,19.732149703922143,-14.174957025144975,-14.221862871374109,-7.977208490617381
2001-03-11,21.734548638240476,-14.790070889954364,-13.881809657330676,-6.346645025844967
2001-03-12,19.56193763953594,-15.322041213973078,-13.559406604145032,-6.052328301816575
2001-03-13,19.007459262374084,-14.356658167031542,-14.52844394165118,-5.493097733379683
2001-03-14,19.67529100621409,-13.095308244605068,-14.863462958910633,-5.934689681885177
2001-03-15,19.549572674423803,-13.695139103456158,-14.875336151637665,-4.831068622390578
2001-03-16,18.77247216716592,-13.196952038465593,-15.359921563169102,-4.3779993064765454
2001-03-17,17.897310667083193,-15.26409664189399,-15.077372082404116,-3.6218200217644245
2001-03-18,17.659784688835728,-15.880086186568551,-15.183678148707443,-2.4270807686778246
2001-03-19,16.879277079980852,-15.92255689975258,-15.98266410782081,-0.5719368539276395
2001-03-20,16.014594127415542,-17.13302170332464,-15.687720300022004,-0.8095368530234597
2001-03-21,15.833429559957972,-16.250776270866968,-16.19536425874864,-2.3716709984272444
2001-03-22,14.856043833264152,-17.863713885470688,-16.30528405942733,-1.7312376715264999
2001-03-23,13.848678196429532,-17.941385157892757,-17.178526241148344,-0.44359481818313684
2001-03-24,14.677443603172483,-17.353294568432684,-15.982451440208386,-0.12403157578212187
2001-03-25,15.136621006433511,-16.956072186524256,-14.028454460048408,0.45901798300710817
2001-03-26,16.455055264285665,-17.85641578974881,-14.017172062595948,-0.20016857260240206
2001-03-27,14.792181536367957,-18.41004929881637,-16.60861447583467,0.5192300761139279
2001-03-28,14.414979524075791,-16.643579789637723,-15.209608544361377,0.24282187311945475
2001-03-29,14.514469731916844,-16.784253122748407,-16.51864253206218,0.1313548942919892
2001-03-30,15.141205609355074,-17.570483646246295,-16.293434222621272,-0.4209623184062573
2001-03-31,13.908221917549463,-18.229713193627465,-16.87576441193541,-1.1954298534638061
2001-04-01,14.902639980512463,-16.799935227283513,-16.343663588028782,-1.3535308158880708
2001-04-02,15.963203472324214,-16.664023091290087,-16.617985555014396,0.4554915991472286
2001-04-03,16.420034950336955,-16.760035063072273,-16.128466617364523,0.6387999818471283
2001-04-04,14.932700443240487,-15.877756550543486,-15.977827333557627,-1.0326273053591466
2001-04-05,14.729245555555835,-14.719017307605533,-16.330636600652976,-1.3213230883011018
2001-04-06,14.473781523163668,-14.830240015091476,-16.12173372805939,0.04076464995436502
2001-04-07,14.764054500545496,-14.918333566125185,-15.814445609626963,0.6011919298076197
2001-04-08,15.300314458866238,-13.528256637187136,-15.029664391461798,0.22913673548501728
2001-04-09,14.312343203857568,-13.214078464775941,-14.86238004476588,1.0913817117348705
2001-04-10,13.573069353791938,-13.361314019088587,-15.583042884328842,0.9889730937850112
2001-04-11,12.991748918193665,-13.184588814060684,-16.268894630229195,0.4563047587404835
2001-04-12,13.417563698722853,-12.307464854729353,-17.61350259537417,0.18164278391898458
2001-04-13,13.31304055700073,-11.821695870440976,-16.69069658114155,-0.5909706234840807
2001-04-14,13.31674209790961,-11.768931370089923,-15.860759476136023,-1.171214498343859
2001-04-15,14.249424830303443,-11.702157267166168,-16.703537687871492,0.2038272807307513
2001-04-16,12.643505694590296,-11.193077944093464,-17.360512676046152,2.090932709748026
2001-04-17,12.145401586108825,-11.632787440420996,-17.26255691016408,2.1275009201543003
2001-04-18,12.734966309651064,-12.042721258602645,-18.545548474570115,2.2198934373985484
2001-04-19,14.123961168114473,-11.770407330478632,-19.512903724832164,1.6764577218284513
2001-04-20,14.289197171998682,-9.447994458550053,-21.761628445988997,2.857304590932003
2001-04-21,14.873847159168994,-9.329124478602065,-21.246420429401194,4.619803028549473
2001-04-22,16.55815860235658,-9.298348418838337,-21.062697741295963,4.7407079768843605
2001-04-23,17.29763981740768,-9.362743299712776,-20.52761575185872,4.691035384080606
2001-04-24,18.77881779127327,-9.977531975772973,-20.297896504721745,5.129675953079325
2001-04-25,18.802757760370188,-8.880102698272655,-20.116912332261535,5.141190384791681
2001-04-26,19.873278986284088,-8.999933134917077,-20.225745805270194,4.1307419397850955
2001-04-27,19.28083136694771,-9.320700302458622,-20.121340612722765,2.716990586376619
2001-04-28,17.89208505391098,-9.036563587600485,-21.327804278488223,5.056738899154816
2001-04-29,17.8029826720226,-8.713842027546129,-22.685678240180604,4.232758289086113
2001-04-30,17.891409494365735,-8.531452420258598,-23.871490469991965,3.9821494439807017
2001-05-01,18.243624768068965,-7.698882380032051,-23.001235361288213,3.911368591039837
2001-05-02,18.345927848901994,-7.1312078048524175,-23.823423569674553,3.10125057127414
2001-05-03,17.86088685058259,-7.583777382785754,-24.056915262269598,1.912308364581798
2001-05-04,18.54436599348483,-6.671651494891452,-24.41079756473944,1.2408200163165564
2001-05-05,17.60997306107496,-6.511444847553817,-23.777801430724256,-1.902367129930648
2001-05-06,19.092494930862017,-7.167250029153426,-23.885103181082258,-1.0019838395297027
2001-05-07,20.48950676898108,-8.397585799923561,-23.956841689218027,-1.31115828583548
2001-05-08,20.762367478877042,-9.409164338158794,-22.258182997252618,-0.4461424635341876
2001-05-09,21.34438226965716,-8.647579741873182,-23.05485629547873,0.4358763235175299
2001-05-10,21.775641807363517,-9.449827980060356,-23.245674297190558,1.1728303241518616
2001-05-11,21.40882438425043,-10.062449321975867,-22.211000642311205,0.9724490166952282
2001-05-12,20.40213153859115,-10.09371569799117,-22.0412659322252,0.5807784657075115
2001-05-13,22.366225543424832,-10.802999422687062,-23.110170844869565,2.037336194018693
2001-05-14,23.228401722600356,-9.996337486818096,-22.959546754170283,2.138946330495843
2001-05-15,22.96569671730559,-8.542346235429424,-21.942064520151202,2.656322923189768
2001-05-16,23.636760661492637,-9.204492246352837,-22.339670372323244,0.9261459481054384
2001-05-17,22.561941907192512,-9.522449960491402,-23.89831924656253,-0.07335078017143093
2001-05-18,22.935113569016067,-7.474673860657916,-24.16457170045158,0.7551501621138028
2001-05-19,23.18635368560588,-8.396255516929795,-22.629177265666545,1.007600113089873
2001-05-20,22.98906785325564,-10.722567075739025,-21.369519556553957,1.041288149525071
2001-05-21,22.240911433282573,-11.224817832414649,-21.96465082683725,0.22857806786400614
2001-05-22,22.14774803590254,-9.751757244412262,-23.74372870656879,-0.8903916237019149
2001-05-23,21.555588735993812,-9.978392791919054,-23.296188711095475,1.1613988857053663
2001-05-24,23.170358288852093,-10.901708252935356,-22.47301452277461,0.5464529974733132
2001-05-25,23.615741135024212,-11.050991580262686,-22.273748474676072,0.6606044695064749
2001-05-26,21.522694489605264,-12.78959324839409,-22.50373298949424,2.944113341307371
2001-05-27,20.657719862579217,-14.977247183864261,-23.022737677525505,2.0656977888646453
2001-05-28,20.70987962995272,-13.177828034439973,-23.247461485855254,4.423444692091363
2001-05-29,21.850910759436815,-11.887053686044688,-23.025115218922288,4.320026231290988
2001-05-30,20.143198805336894,-10.508808241025193,-23.65862448208381,4.553902102832859
2001-05-31,20.476859698273064,-9.819742368249425,-25.24372472196434,4.213195091768258
2001-06-01,21.586048385446894,-11.004361895349799,-24.400573096006884,3.10486992083228
2001-06-02,21.106836010345226,-11.718939774743594,-23.37149420087855,3.116008505237775
2001-06-03,23.931692172807377,-12.277471619999854,-22.045690206408988,3.041134878847878
2001-06-04,23.86979721156079,-12.398971114905326,-21.330371178050658,1.2857569456606837
2001-06-05,25.037561537055502,-13.768938080583206,-19.88502429526195,1.2517058154495146
2001-06-06,26.532394738400512,-13.682759474205355,-20.677712947510212,0.24885486371287002
2001-06-07,26.574245580380083,-14.35865507565332,-21.326548870074298,-1.4444817776615178
2001-06-08,26.23449326297466,-14.920031845084484,-22.24254119169369,-1.4018451259613185
2001-06-09,26.685927624920456,-13.818116463744039,-21.26855538125882,-0.8081388152271817
2001-06-10,26.263090464503286,-13.475035006390113,-20.583417103562947,-1.757112356959292
2001-06-11,26.10829216862401,-15.949400745154197,-20.298367274316348,-2.8363719145418393
2001-06-12,26.67470309575384,-15.505077391101937,-18.53629590349966,-2.302504857667112
2001-06-13,27.46264333512397,-16.29684111261525,-18.8665385939711,-3.2823421922174245
2001-06-14,27.22797907174241,-16.702953328257042,-18.857754274019175,-4.464770182443753
2001-06-15,25.66247350008832,-18.750247275897223,-19.087096967710384,-5.5237001370161725
2001-06-16,25.243675836687416,-20.51155088586113,-19.167714197368458,-6.15907508657248
2001-06-17,23.10304920204607,-20.150632943130304,-19.28476398000767,-6.118395790270968
2001-06-18,23.390894168414256,-22.501768053679978,-20.725188236162637,-6.508109696097326
2001-06-19,24.81101167399889,-21.954377119315897,-19.260259224272964,-7.411273371254819
2001-06-20,24.927564241558926,-22.846409635039247,-17.60628725548125,-8.052796432152483
2001-06-21,25.082837572974626,-21.51700494954448,-15.861268089349924,-7.134811540033011
2001-06-22,25.171254115351527,-23.08949280312556,-14.557018234419207,-6.918308365958773
2001-06-23,26.169646923908726,-22.665961035220704,-13.653454645183439,-6.986238803536673
2001-06-24,27.126742969390328,-20.898157756219106,-12.69604251747378,-8.87350825595951
2001-06-25,27.862954286683845,-20.56981506414207,-13.128790268148048,-7.553198581888626
2001-06-26,26.912877363011532,-19.89924124644895,-13.30623830198586,-7.922068877186283
2001-06-27,26.901206262277974,-20.541836186075408,-14.502077118042513,-9.034294828595405
2001-06-28,26.312808475669158,-21.989723193831498,-14.186932693660184,-8.870315855984423
2001-06-29,26.628821126379044,-20.91785796055006,-15.469809176892415,-9.111285277425239
2001-06-30,26.51098454358836,-21.188986559283375,-15.012796089697195,-9.338716293517397
2001-07-01,26.42147446902411,-21.167149364173326,-13.573449746804588,-9.553137594109923
2001-07-02,26.40615414339125,-22.729686224541112,-13.48920276499411,-9.20395344573106
2001-07-03,26.907132230342228,-23.699831085058644,-12.14181388489609,-9.382874871418895
2001-07-04,28.89364928350767,-23.513614192242308,-10.152811306563013,-9.753136337686941
2001-07-05,29.662101301161492,-23.433452808862036,-9.449683757954595,-9.617030984490382
2001-07-06,29.53473473574316,-22.925828162994183,-9.129235415017922,-10.225938844153363
2001-07-07,29.570174433568397,-22.244752234841748,-8.432383184855556,-11.541284921289856
2001-07-08,28.761677088349593,-23.742411412203133,-9.82320403104544,-10.838077165343554
2001-07-09,27.107488972666957,-21.96543684564438,-9.6594059301961,-10.651764097090531
2001-07-10,28.95848647346423,-21.99077511613296,-10.6900803557109,-9.076936603917462
2001-07-11,29.63038663157224,-21.564224962999692,-12.573440181408294,-10.661858990417516
2001-07-12,30.62879704768419,-21.965686060560735,-10.890486464694163,-10.593132225953319
2001-07-13,31.01301107966942,-21.70888281882349,-10.295337660629706,-10.300162651589133
2001-07-14,32.29364986474813,-21.716434994632674,-10.328873214802325,-8.757005919126303
2001-07-15,29.79185185975963,-21.55972778518644,-10.149441490564884,-9.490131055286344
2001-07-16,30.879602729677323,-21.267463645557395,-8.597040630641787,-10.087667940574057
2001-07-17,30.73647344392987,-20.82444332847334,-8.967641438641616,-9.77228204562922
2001-07-18,32.523185254580625,-22.71420642530519,-11.43101517602161,-9.003704156448388
2001-07-19,35.05314460891542,-23.01765284122463,-12.026690507550022,-8.332492841645207
2001-07-20,34.42923999573533,-22.490319326187066,-13.148638883198,-8.02904516750894
2001-07-21,35.8072482334841,-23.57281426856585,-13.262909493815346,-9.114151274314274
2001-07-22,35.89502018594142,-22.158886121389724,-13.547918442832026,-9.830791574218761
2001-07-23,35.76663100026601,-21.316191525866035,-13.490946581212535,-8.902105821677544
2001-07-24,35.186516737443114,-23.328407289123206,-13.353368994074277,-10.322975755952216
2001-07-25,34.98950810837826,-23.05721733289593,-11.186227207311662,-9.032438445741544
2001-07-26,34.818834506321515,-23.287517582182826,-11.031938500952435,-8.989382829897316
2001-07-27,36.903987367608565,-24.490397509823428,-8.172519727487366,-10.24010031298608
2001-07-28,38.570416623998106,-25.706072584170336,-8.449618280585215,-11.922762908109863
2001-07-29,38.57595885039748,-24.46147020001472,-7.7868830187845965,-12.954284156172772
2001-07-30,37.54826629242232,-25.07746768732432,-7.711745918024685,-13.694887379227406
2001-07-31,36.593056184026864,-25.222198775362536,-8.365815013632163,-14.828416278777032
2001-08-01,35.96777237397294,-24.45579634840034,-7.576230332654823,-14.91555957392884
2001-08-02,35.45440633612345,-26.095062632442268,-7.0933778149306255,-15.68265576862025
2001-08-03,35.785867022160744,-25.37676279847518,-6.833185943483847,-14.879897843091005
2001-08-04,33.39494335307235,-25.114966668285348,-8.858629574626871,-14.933197692253309
2001-08-05,33.13243989575923,-26.054370439699245,-8.160529993390282,-15.723315520394335
2001-08-06,34.94301092552615,-24.9960506770868,-6.974145665969042,-15.257417151435074
2001-08-07,33.58101661590021,-26.684201330992657,-6.135313601568475,-14.93568319779618
2001-08-08,34.61161600140626,-27.174348402563123,-5.552363552384268,-15.067181670014644
2001-08-09,34.3312763695438,-26.213877154482468,-4.3046220958875345,-14.50616146840937
2001-08-10,31.009305953066214,-26.087413168219825,-3.899327962658061,-16.08360214232658
2001-08-11,30.758040823647256,-25.73324519589483,-2.041223226308935,-16.82357928357193
2001-08-12,31.62725943710819,-25.760144884541774,-2.6558687174911837,-16.581995958462382
2001-08-13,33.12342942789107,-25.406686973953974,-4.560246572565815,-15.014193428878553
2001-08-14,33.181897976818036,-25.070402432068946,-3.2822961564261353,-13.282858399816817
2001-08-15,34.83422270895803,-25.528826584985218,-3.4802208134050145,-12.98107668151934
2001-08-16,34.47165087363251,-24.47702733891732,-4.2186255558329995,-13.966850618651142
2001-08-17,32.82696925959306,-23.568339531540165,-2.948781871015659,-13.978752974561727
2001-08-18,34.1870884273098,-24.15444329874572,-3.466432042515721,-12.645364629890079
2001-08-19,33.9038847346532,-24.151516400064455,-3.571407721717929,-10.927798636105285
2001-08-20,33.648145273117194,-21.353470968033815,-3.350334895984085,-10.630591205105342
2001-08-21,33.03346841412304,-19.77000947958767,-3.5298933163445265,-11.121598070056578
2001-08-22,32.551139467863734,-21.58530036922735,-3.391737086601247,-11.928651586503324
2001-08-23,33.00362953446405,-20.681690154351447,-1.4881147585682428,-11.749384319203529
2001-08-24,33.39445663193584,-20.501374254328475,-0.9235483557642636,-12.857215796173627
2001-08-25,34.785514723321896,-20.513998677936137,-2.1134270207862618,-11.332953742156562
2001-08-26,35.654337512387805,-20.077639821550928,-1.0129788268607585,-10.3122409180671
2001-08-27,33.76425596078431,-19.702987961116357,-0.10788320918180783,-8.950247398848376
2001-08-28,33.971718083201544,-17.657759222133393,-0.8710150975562279,-8.994061209412296
2001-08-29,32.250579709211806,-18.806603759959252,-1.3431448981082947,-8.906026272293127
2001-08-30,32.3456067541279,-18.283041611425958,-1.7448308456439547,-9.554131404838108
2001-08-31,31.929737233746895,-18.839905944812696,-2.516802936500814,-8.135941890426206
2001-09-01,32.509513252529565,-19.048420652238807,-0.5642977291704625,-8.271067828215498
2001-09-02,31.417268437302045,-20.3185446939087,0.29433496932097636,-8.739500287433206
2001-09-03,30.68263276741014,-20.866278283186624,-0.22609709655239685,-8.642148843915464
2001-09-04,30.34658269808578,-20.328545260831895,-0.17206595251865814,-8.473432700690704
2001-09-05,30.052215794626477,-20.61738046463378,-0.5221878133402228,-7.515667268172841
2001-09-06,29.092870860754523,-19.47115491639903,-0.18160974872387592,-6.3195222627284755
2001-09-07,30.826299317113225,-19.187035322699483,-1.367398126947767,-3.6773055516382427
2001-09-08,32.71637973164131,-17.76246064065477,0.4334192962725074,-4.94078295018377
2001-09-09,32.42061720814945,-16.857030972503374,-0.5835732775256524,-5.043077401177328
2001-09-10,30.92377916110062,-16.287415375317927,1.0322157174807856,-5.0645340699829235
2001-09-11,31.4849449114219,-16.074345516356367,2.9088479770184135,-4.025484185762618
2001-09-12,34.431568375186764,-17.10742732562198,2.0941396537719634,-4.405720115749451
2001-09-13,35.018580442830356,-18.87986461462874,2.744370401999255,-5.95132523076682
2001-09-14,35.96906152171441,-17.786054502488618,3.8228395454547335,-6.093792891820171
2001-09-15,37.616479057156326,-16.950797214110214,5.512758105923098,-5.982804317208563
2001-09-16,37.02541785435981,-15.51400133024475,5.072681020810393,-3.7691277283860245
2001-09-17,38.75084667050946,-14.512356118769265,4.758708972876046,-1.278137590155207
2001-09-18,39.15716876998186,-13.367496163243768,4.375165149473665,-0.7168677062617324
2001-09-19,39.78004044309514,-13.890651692241187,3.6026616638640894,-0.9066375953462729
2001-09-20,40.545533990961765,-14.552806511636456,3.2843647619588463,-1.5602438071070144
2001-09-21,38.439243546592664,-14.746508744045462,3.2843974392000685,-0.8734217359113391
2001-09-22,38.45697788941172,-14.225284741039886,4.150342535772085,-1.4141545289713207
2001-09-23,37.5986410216722,-14.770255992986314,3.6006845115848187,-2.8529265971874054
2001-09-24,38.90911344738479,-13.038928511270827,4.594232278465501,-4.011215899214787
2001-09-25,38.250568304976845,-14.420375057758346,3.293006062271583,-5.478354855379443
2001-09-26,36.95964454904184,-14.01779304310477,3.2040802195769205,-6.796606934744385
2001-09-27,37.28947963945615,-13.252484581110286,3.147104992563277,-6.5979230632408985
2001-09-28,36.65638111541662,-13.354444282828325,3.81890853873029,-7.221186926067452
2001-09-29,37.68830592584034,-13.578459097324217,2.7351929052474437,-6.351527208228207
2001-09-30,35.876657760544525,-12.733204382549372,2.896632089124229,-7.529602781683519
2001-10-01,36.267207538429645,-12.207088644892437,3.359441559214262,-8.630052478013209
2001-10-02,34.621138038345386,-12.83949015313207,2.687133299559774,-8.0194687733034
2001-10-03,34.28982627720127,-12.608487542784635,2.922970793584635,-7.748487378084783
2001-10-04,35.17033476558342,-11.597721745172192,3.9081938962035747,-9.398702965123444
2001-10-05,35.22551961416157,-10.516553642109457,4.737025601969198,-8.154568758569335
2001-10-06,36.98542068316476,-10.806725372979173,3.2349132600071617,-8.328731699800871
2001-10-07,37.223243110761665,-10.204300129054243,4.171548784009366,-8.147349939960606
2001-10-08,38.20257523383747,-9.739476977525456,4.04898865502388,-9.3097520233371
2001-10-09,38.16010793885274,-8.087133996851904,3.4867590185238857,-7.812061444903824
2001-10-10,37.64001314953946,-6.011016766600369,3.591789836602824,-8.570850031622152
2001-10-11,39.05034418754608,-6.323083780639132,2.1441351674350813,-9.574051222392852
2001-10-12,39.008392725361944,-7.432988376037955,1.3146529594853602,-9.777004216766288
2001-10-13,39.60687850943127,-9.242042379659495,0.7523134246697509,-11.412901541556483
2001-10-14,37.203123003773584,-9.806383544263156,-0.21206662049866098,-10.870238580351732
2001-10-15,35.86698882057028,-8.751275267045116,-0.33233424876073814,-11.36085738335273
2001-10-16,35.234835076649574,-11.882359999285647,-1.299269471274827,-11.121117248626708
2001-10-17,35.912860823901525,-11.430546692844175,-1.4440779825661942,-12.647856290341505
2001-10-18,33.99585808556606,-10.960166355616408,-2.3541645904927178,-12.294514885541469
2001-10-19,33.01010300545771,-11.190285373409818,-2.504445757141349,-12.739643637671296
2001-10-20,33.950839045288376,-10.663146257260983,-2.6267647359783344,-14.619594954049363
2001-10-21,33.72682719576761,-9.946698373028152,-4.044779665165561,-15.537806276518804
2001-10-22,33.51174443272296,-9.163264838131788,-3.1391770985530543,-14.928412788284271
2001-10-23,32.44571753120373,-8.145624065233958,-1.8996532960846488,-15.708381274664337
2001-10-24,32.39262189282252,-7.911046976378154,-2.903118201179639,-16.303571738463077
2001-10-25,32.89910323052837,-8.346166834755623,-4.004884105390695,-16.891095520056247
2001-10-26,34.35056757481687,-8.962503350261416,-4.688668337449533,-17.048714160441655
2001-10-27,33.99987179296506,-8.329521224412067,-6.46485697643006,-14.464200280820956
2001-10-28,35.94048200210233,-8.963519091575233,-5.7241252324189995,-13.941902078773715
2001-10-29,35.80794139950228,-7.833252579503505,-8.150705720744828,-14.070040137736486
2001-10-30,34.45019192395177,-4.540249093959805,-8.154614473918553,-14.063089183002349
2001-10-31,34.560799556417884,-3.796081685223227,-7.190377160120784,-14.199486198135405
2001-11-01,34.54536333464636,-2.364908390164797,-8.175630959556614,-15.10878552024644
2001-11-02,36.10340316909184,-3.0865260870362863,-8.290835819191038,-13.699853626917193
2001-11-03,36.02502094595387,-1.3420083809766432,-7.3570318186696415,-12.391481915130415
2001-11-04,36.958200167441035,-0.25282122492219616,-7.540625703207655,-12.78285311149167
2001-11-05,37.06915023679179,-1.8273272658006856,-8.342381708559383,-12.92086623647225
2001-11-06,37.128874952143235,-1.9017804228615451,-8.328493936955473,-14.370332464812948
2001-11-07,38.40690658454573,-3.0753323699946016,-8.674218288127296,-14.049235531653576
2001-11-08,37.39249629073773,-4.231343306135814,-7.530529733482506,-14.810767343803795
2001-11-09,36.0479837279281,-3.972021985722607,-5.808596894546339,-14.316890977628272
2001-11-10,36.21240295718203,-2.7271255321720806,-6.692833144064884,-15.722471387999008
2001-11-11,33.206269724613406,-2.9086622485094384,-6.847727976816345,-14.99361030237843
2001-11-12,32.23140498422279,-2.806482018395816,-6.101452562870708,-14.626371622828152
2001-11-13,32.13456348216845,-3.141143949586966,-5.9145269074279065,-14.31190862656926
2001-11-14,31.295934719399757,-4.177368839968508,-6.559125802838845,-16.406155245806914
2001-11-15,31.590195110111075,-4.0392895489490295,-6.392606650654768,-16.540566294547673
2001-11-16,29.641426118515323,-2.177661334675734,-5.973133448850544,-15.548124213873951
2001-11-17,28.4097192601873,-1.3892424597138215,-6.571553806142979,-13.394769924837876
2001-11-18,27.94958630959205,-1.5694917917155153,-7.547279878052969,-14.264585245819887
2001-11-19,28.49955812261338,-2.3186443863535273,-7.129982403746142,-12.074551898259404
2001-11-20,28.071158425596355,-2.770557951910927,-7.556327147768467,-10.37790910267213
2001-11-21,28.806753213259007,-3.3378716357406435,-7.147943075317802,-9.284129907608696
2001-11-22,28.802246741486968,-3.26616226506558,-6.994449207548627,-8.612928085706944
2001-11-23,28.66298879403,-5.023595619860396,-7.127228852036565,-9.267035411881038
2001-11-24,27.868325360385434,-3.8174431321773423,-6.066730161227703,-6.885629816032319
2001-11-25,26.98216164155156,-2.686711245911408,-4.40537042153476,-8.33404604695879
2001-11-26,25.965136566908054,-3.4907688945884967,-3.4370773707817603,-9.73725175283805
2001-11-27,27.735057498254413,-4.398826374935811,-2.585690991706896,-9.236887834478459
2001-11-28,28.551922823147894,-4.66261349550714,-2.3554077257284924,-8.203114322772985
2001-11-29,29.729495436336812,-5.578061954686131,-1.7949489745507619,-8.151381791067806
2001-11-30,30.92216141139311,-5.834463627335657,-2.175697207375435,-9.487465313643993
2001-12-01,29.850892717715947,-7.557000071254173,-1.8294776611240275,-9.796040006497407
2001-12-02,29.30591550590057,-8.069852674427713,-1.8560460829739907,-8.563191675000933
2001-12-03,29.274846792734685,-7.777412134194554,-3.3231687117171957,-7.988744883046854
2001-12-04,29.734909946143038,-8.78808587310672,-3.3896027218663938,-8.091798087021981
2001-12-05,29.75160008081727,-7.793382786556786,-3.494410325144231,-8.088598281557157
2001-12-06,29.53203463678796,-7.156002910683918,-2.1618218915764933,-7.423314269375531
2001-12-07,30.374587425522996,-6.016729367140263,-2.2180756616713406,-6.104654356562506
2001-12-08,30.594519616681524,-5.145741848827306,-3.294010108615604,-6.98543398906695
2001-12-09,30.951604602364498,-6.269029343355129,-2.0631286375872024,-4.398516476847865
2001-12-10,29.424017204979517,-5.341646162886276,-2.0906646826804844,-5.379320706195343
2001-12-11,29.682264299489567,-5.904289470019864,-2.0004665022204655,-5.063254920100844
2001-12-12,30.64561194813222,-4.95103907719176,-1.481557933041064,-4.137468291746031
2001-12-13,31.62135004698323,-5.528717263880154,-1.056067202185147,-2.7566478417774682
2001-12-14,32.15241942220048,-5.590656778596564,-1.8163985258109956,-1.6647013120331657
2001-12-15,32.72107856963108,-7.0076363647065785,-1.373880504388717,-2.811171875101336
2001-12-16,32.71763436978601,-5.751526433370999,-3.1397188462158816,-3.9657175889255702
2001-12-17,32.82463798454989,-6.778956330228683,-4.1247835036654745,-2.917086903770607
2001-12-18,34.18151323756438,-6.301750189733179,-5.159456801779459,-2.3709154881389214
2001-12-19,32.80719172370607,-5.7107145386420886,-4.037836386421578,-2.099943070415012
2001-12-20,33.27602984306186,-5.496755441285685,-4.314738629640051,-2.781545091943895
2001-12-21,34.57301471815486,-5.04037372378283,-3.9493036762076197,-2.52612233166303
2001-12-22,34.37774452792267,-4.467203096164473,-2.688571656717155,-2.554399625464724
2001-12-23,32.811995782841755,-3.030837015397644,-4.8792413801195575,-3.4999750113876185
2001-12-24,31.548434275135293,-3.4007714279979275,-3.521867466795984,-3.663565459314472
2001-12-25,31.55063202945741,-3.1298493237382496,-3.5500925942461317,-1.8991848339877104
2001-12-26,31.641026721008014,-0.6004439858154376,-4.850987866080113,-2.0554778589678437
2001-12-27,32.121513135775956,-1.5213946755029815,-5.187157576837304,-2.02272780281116
2001-12-28,32.01589819402874,-2.6406553463231606,-4.373485647470867,-3.2736235335717607
2001-12-29,29.104552213942107,-1.677280594898086,-5.9983014604297376,-4.876080336907058
2001-12-30,28.657589948976256,-0.8121981884142258,-5.217396578218005,-3.8814110358121034
2001-12-31,28.776347102608394,-1.7922364388534668,-4.651877177233095,-3.6296275546842707
2002-01-01,29.860880627338496,-1.9407423242729325,-5.478654637446674,-3.914458400189101
2002-01-02,30.76688433835754,-4.2136951269029,-6.387685442830575,-4.38692763439354
2002-01-03,29.44922494078934,-3.903144919115383,-7.26156341450481,-4.549629630420455
2002-01-04,30.060181102112477,-2.104565006980094,-6.139515058640944,-3.9309075720815536
2002-01-05,29.229048209178593,-2.534419885365672,-7.744559925477292,-2.854493465475154
2002-01-06,29.07150128611913,-2.2507784864692564,-6.380889255311038,-2.3863835287804096
2002-01-07,29.870497000221693,-3.133280336219561,-6.320139484812031,-2.5542739434788624
2002-01-08,29.240136017420536,-3.5756186025099064,-8.054967179437712,-3.2448963766475893
2002-01-09,29.516527469368437,-5.286904780861266,-7.6019058168628115,-3.8504528740113515
2002-01-10,30.535204953638274,-5.97968508546194,-6.216045718931914,-3.9939720276246913
2002-01-11,29.11259427755435,-5.091249021039861,-6.587116622532735,-4.598761906832552
2002-01-12,28.316806025151124,-4.710419121171117,-8.50888636677764,-5.387924975813964
2002-01-13,29.24222452497427,-4.881311729127131,-9.819905581816698,-6.451945479839198
2002-01-14,28.957085594762315,-5.647164598075329,-9.850207790516722,-5.689836532576887
2002-01-15,28.903447714720343,-6.053914378491731,-9.048934839657152,-5.624283171417205
2002-01-16,29.299231239412695,-5.965543664152091,-8.638589552394595,-3.9592356338039885
2002-01-17,29.791072518289724,-6.471775802511297,-7.406072941009474,-4.2041885592678865
2002-01-18,30.098147487082308,-5.856936707073569,-8.307499711755273,-3.7227003986451956
2002-01-19,30.980946876667918,-5.669698816412002,-6.219533951734048,-3.7639628530003755
2002-01-20,30.527384129404588,-4.849853048612258,-6.064638595922649,-2.992489773553434
2002-01-21,32.4814496830501,-3.999875847598245,-7.95243274560298,-2.171049574960795
2002-01-22,33.305443277557714,-4.227045100273989,-8.286973737532673,-2.207576418868284
2002-01-23,33.42181234539221,-5.305306076176846,-8.747903117010335,-1.8124276422562628
2002-01-24,33.317582978072934,-5.1525884968049525,-8.491454958313112,-1.3827489917704416
2002-01-25,34.99758253817026,-5.673263152809003,-8.086506996087135,-0.4431037480758403
2002-01-26,35.15589013525883,-4.82930120068774,-7.464822062340888,-0.1618606275820509
2002-01-27,35.06450823797843,-5.406568453008162,-5.72394805240187,-0.17015352559934205
2002-01-28,35.21417009336791,-5.204615832736511,-6.845937977616792,0.3799226746583848
2002-01-29,35.7998286667832,-5.537796928634625,-6.483496832710398,0.01111293842201383
2002-01-30,33.60265475049316,-4.7327611119057424,-7.779383583353101,-0.9855440256875638
2002-01-31,33.404673064418915,-6.589583269376489,-8.74586688209469,-0.3271812444195765
2002-02-01,33.124481455714374,-6.178852506178594,-9.0191607980195,-0.060415950300629684
2002-02-02,33.32719040879569,-5.751782832747542,-9.985683481298432,1.415975946342139
2002-02-03,31.941132272545044,-6.798699203804031,-9.338495397922093,2.924945293746373
2002-02-04,32.26386357300868,-6.960483794655065,-9.214311634057504,2.4549527946434995
2002-02-05,32.285896540423124,-6.6533299739859,-8.700712823392927,3.6628010080493847
2002-02-06,32.957744268943976,-5.74447944267879,-7.036272253722655,4.723869620406007
2002-02-07,34.22133076954393,-6.798609055904713,-6.948461830179538,4.711385518624084
2002-02-08,33.94693920185988,-7.5243920874571195,-6.777342974942059,3.890953597809439
2002-02-09,33.1929113028987,-6.314251058377615,-7.07296460589589,4.632689000425212
2002-02-10,31.795026899341085,-5.064116428379566,-8.58793445878356,4.3329349861952835
2002-02-11,32.27574194791728,-5.529133513967434,-9.073808001714653,3.9940495528862083
2002-02-12,32.742324677094196,-6.723669531127823,-9.456629913984615,2.2990396642296558
2002-02-13,32.60975192904703,-7.309320119830169,-9.615590882152611,1.0165163438315667
2002-02-14,32.23986878224772,-7.18746699148423,-9.135831749798285,1.1158472166425093
2002-02-15,32.06514845322771,-6.077413270204224,-10.698536722223155,0.12439038778194267
2002-02-16,32.70542520968923,-5.11235568706329,-10.115880518011487,-0.9797174236557312
2002-02-17,31.689575488861944,-4.6863417462118795,-9.007540269124824,-2.4232102970327616
2002-02-18,32.90675406701208,-4.95768968523546,-9.0011084159205,-1.587243323962444
2002-02-19,34.61246556581232,-4.370324155097984,-8.092018266921903,-0.5306430022236956
2002-02-20,35.12105884887322,-3.6397121076304444,-8.755337798822008,-1.7664060414281515
2002-02-21,35.78569637443195,-2.332158903871246,-9.430999641416424,-0.8779936654348912
2002-02-22,35.40271786531783,-3.040782177031194,-7.600365180993659,-0.9039758264163409
2002-02-23,34.709175741573546,-3.001975973014849,-7.112852532649232,-0.3397305189803711
2002-02-24,34.85001537742476,-4.500358206194164,-7.731051877530251,0.06137359196184172
2002-02-25,34.73774416541068,-4.775159005222207,-8.841933397207548,-1.0093219534889593
2002-02-26,34.314990260416316,-6.438887727476416,-9.118571056144981,-0.9349250650812188
2002-02-27,33.184379618076406,-5.815992096894697,-8.804171306454451,-1.8741866632681397
2002-02-28,31.74289044321015,-4.438616344847094,-8.499819639740808,-0.9498971471343542
2002-03-01,32.46949575413309,-5.901586690608967,-8.670197660742915,-1.3965775737150432
2002-03-02,32.82690513660523,-5.283769451452854,-10.516021989937913,-2.023335255424286
2002-03-03,32.678658359544855,-4.445939704750479,-10.016281878893965,-0.7647684642550023
2002-03-04,31.911134277004212,-4.394226717098823,-8.882736861338296,-0.04565896153593174
2002-03-05,33.84697677152539,-5.228998635918726,-7.7956654846275875,0.27885013785643925
2002-03-06,35.1967886507422,-4.792121112030793,-8.017921462772307,0.160785264228077
2002-03-07,35.37920360107253,-3.302455278038212,-8.056697923473575,-0.06984378272743028
2002-03-08,35.04714294631931,-2.155067528319691,-5.980823482025558,-0.18457536764698726
2002-03-09,33.745970689683915,-3.3753344268074206,-6.103662187370988,0.5278077668527784
2002-03-10,34.50462283164443,-4.233098040284198,-6.925908019689725,1.0708660711910878
2002-03-11,35.58688060043218,-5.504832952366302,-5.068103087674794,1.4942796490337595
2002-03-12,35.67928840949331,-5.237147539768872,-5.200903154975447,0.8719803306820547
2002-03-13,36.20208094716727,-5.068977312453909,-5.838636157349984,1.5141971002502537
2002-03-14,37.094083608673095,-3.8280202628402,-7.03955048390047,1.1655020555973419
2002-03-15,38.1347601067814,-3.77348355675545,-7.799816786736453,0.49642738904006833
2002-03-16,36.99694487162165,-2.9571463157195286,-8.013978411290333,0.23938593276800785
2002-03-17,36.709313884456286,-5.532108557336011,-8.109563620047545,0.7959040043707881
2002-03-18,35.61646545282561,-6.854470996698481,-7.858199765180024,1.9102466079762959
2002-03-19,35.06533983804386,-6.860357213717133,-6.809643572621568,2.513495876379965
2002-03-20,36.360786425332606,-7.131811396558641,-8.122934917327896,1.4425080641524244
2002-03-21,36.86395025639418,-6.29816316787517,-7.71549753289837,0.9272880672793927
2002-03-22,36.05380838333964,-7.55566400519169,-7.691992031997246,1.2026601788697593
2002-03-23,36.0804936675058,-7.7606048238688565,-6.912449321086594,2.1204758418194047
2002-03-24,35.27235343794558,-8.299490429223189,-7.503209361663997,4.4495931219861244
2002-03-25,34.41745240982097,-10.69978708184391,-6.609834547920847,4.320239425047894
2002-03-26,35.01836576295495,-10.544559360102978,-5.03350709181588,5.318145604168792
2002-03-27,35.11561758677568,-11.433510357566787,-5.15564043541174,3.9801636814484693
2002-03-28,38.28116318774724,-10.70741996115399,-5.932838531976271,4.519543137147713
2002-03-29,38.71604590822242,-11.334417602973792,-5.243369103121159,5.594548781109512
2002-03-30,40.524079888867945,-12.745096461476123,-5.976819791811573,5.154956994365426
2002-03-31,40.71743300379187,-11.02112969432311,-5.966406828947398,3.0264064321541673
2002-04-01,39.53185859064114,-10.672986506192034,-6.646246262481262,3.8852980899135856
2002-04-02,40.72116233784938,-9.850793122328241,-5.783984771707008,3.2468407202803413
2002-04-03,39.544097475456326,-11.369199865653824,-6.6789855035545935,5.59451738665285
2002-04-04,38.968230801118885,-12.941204376203439,-8.219599391250297,4.998427573696196
2002-04-05,37.5681600358561,-13.43314665732734,-9.312536739069145,3.5019846854990853
2002-04-06,38.038508351807614,-12.783283966530593,-10.463793225004459,3.807214566480153
2002-04-07,38.34351334363072,-12.669695246030939,-10.724854720355818,4.543568389760798
2002-04-08,39.430569354097344,-13.151312147530465,-11.115065028880215,5.122395899295532
2002-04-09,38.867544063479805,-12.307004502336214,-9.362980614075411,5.085478905025069
2002-04-10,38.29693263236257,-12.791280011366979,-8.70105981969708,5.741382337134477
2002-04-11,36.035943854123445,-11.673519895239526,-7.958981265818149,4.657481900781015
2002-04-12,35.852621126158475,-13.50072744295623,-7.814781454693398,6.471547501518484
2002-04-13,33.687302726362255,-14.461141860722835,-8.51658848856826,7.358275852533834
2002-04-14,34.3827798508153,-13.28029577263369,-8.9919964591236,6.895028072672576
2002-04-15,34.29575914501776,-11.98458650200726,-8.732911947294525,8.353541270738283
2002-04-16,33.696553433136145,-11.11131988517952,-9.426614255767944,10.151610698495805
2002-04-17,33.35542829321944,-11.3607612753795,-9.770571143752013,8.487637603751113
2002-04-18,34.47669187633209,-11.295202383608393,-9.395137651481472,10.5876102859499
2002-04-19,34.417138163048776,-11.183967087603778,-8.392469762531704,10.456117106631076
2002-04-20,34.50140543786238,-9.635454350804352,-7.495366665252458,11.065979699106586
2002-04-21,34.10137069135612,-10.612466654491124,-9.691577551089228,9.368199435727249
2002-04-22,35.904145451782085,-11.485875099735987,-9.264039306267916,9.10468902851935
2002-04-23,35.204905208383934,-13.208712171523773,-8.17893816757697,8.504908329320392
2002-04-24,34.006407764443985,-13.852087787865905,-9.249244976718177,8.68729630469337
2002-04-25,35.417745306531685,-13.254378361257395,-10.066468406235131,8.55993500957549
2002-04-26,34.79280697397234,-14.339749572117297,-10.15914982975043,9.641278663206394
2002-04-27,36.039761399893244,-14.039787122333962,-9.27990193326021,10.71471171109808
2002-04-28,37.79272982246861,-14.436691333794187,-8.171945476454361,9.982479524939517
2002-04-29,39.75358158659678,-14.691905064407967,-8.390180110026341,8.279738658017905
2002-04-30,42.11813238239041,-16.089933654422254,-8.922047504856808,7.846231065906417
2002-05-01,40.5562525458776,-15.312876353867926,-8.53739268167887,6.6622708425723
2002-05-02,42.51215222023757,-14.844062742867946,-10.08966388613731,6.88576480755054
2002-05-03,42.78317687316042,-16.16434838788622,-10.543041310800792,6.839365854890913
2002-05-04,43.742333129105845,-16.40049296700336,-10.272238077721006,7.212223532922175
2002-05-05,43.81769470786013,-16.88596661499416,-10.524484962148035,6.880327560651565
2002-05-06,44.56113398711749,-18.62222418758453,-10.436780870159055,7.59519667261031
2002-05-07,43.835637375897726,-17.37382142107083,-12.058888119224719,8.117436852752665
2002-05-08,45.17472521308806,-18.892495533565718,-12.898658872302462,7.839792067751426
2002-05-09,46.61610159133376,-19.307987256939168,-13.748939590474475,8.922308097874065
2002-05-10,46.26139832849303,-17.51264603617483,-15.017644991016876,8.075763311614079
2002-05-11,45.837424412028646,-17.00940531796284,-16.833961372438015,9.191237316657679
2002-05-12,47.3325144617177,-17.559884864408467,-17.81123366070293,8.875936836878093
2002-05-13,45.551233435096414,-15.722754251745087,-16.586018062761713,9.476046339575872
2002-05-14,46.73675486481331,-13.91103216805594,-17.454122679213466,9.87667878607119
2002-05-15,46.22783119045577,-13.096888564222478,-16.631799539324895,9.592799358888659
2002-05-16,47.41714023334816,-12.857328176925265,-17.812219773665777,9.528248925426189
2002-05-17,45.26621442858581,-12.19182211350681,-18.60320245567215,9.435539275388495
2002-05-18,44.809302385207175,-11.630507372059933,-19.58522794220455,9.48240166708598
2002-05-19,44.58260575042368,-12.456775419195692,-19.63040111788718,9.569695935663246
2002-05-20,44.13402879446458,-13.391520889388142,-20.481759905406236,9.882177277502535
2002-05-21,43.41980651683201,-12.347191077236591,-20.080855883604446,11.705594595665906
2002-05-22,42.68466604876826,-12.323076462982913,-18.8118077985651,11.616739896484424
2002-05-23,41.081239061065205,-11.002045603810263,-19.098120482155608,10.353031764972764
2002-05-24,42.69253796067542,-11.441449596557304,-19.410235750135204,11.570389668962608
2002-05-25,41.478461851276364,-12.758574369543636,-20.587987598039163,10.234664112067167
2002-05-26,42.33172517404657,-14.060521710960451,-19.270080440575327,10.502732627727157
2002-05-27,42.959070497123236,-15.078386065671808,-18.770542508457254,10.362610843920777
2002-05-28,42.73341004106377,-16.75247780732874,-18.298950530081843,12.43770336830693
2002-05-29,40.731203681191865,-16.385594402322454,-18.718124166979674,13.498317941708525
2002-05-30,40.4388994505816,-19.524411227109876,-19.586795334883256,14.015264744777618
2002-05-31,40.57687290017165,-20.09878964421325,-19.814919394092612,15.325222595112269
2002-06-01,41.353384920925436,-19.50736964698683,-18.846089838886034,16.948930901580194
2002-06-02,42.02620245132007,-21.771530536815284,-18.367156294322523,16.668357207498236
2002-06-03,40.13952949789357,-22.89775112459027,-18.69059072968675,17.620325552465875
2002-06-04,39.75389514063007,-22.05768537812518,-20.527307104478027,17.84371008629328
2002-06-05,39.570964370978665,-24.381483545347148,-21.035429769138183,18.093853897278503
2002-06-06,39.263905043588174,-24.204440010568636,-22.645307581022834,17.79133171150235
2002-06-07,40.193667878106005,-24.301444743178838,-21.574203894600085,18.99909246175831
2002-06-08,41.138154084112735,-24.357044959898985,-21.333550284806194,17.53824924280329
2002-06-09,41.92737540001626,-24.66555835479733,-21.841075023222125,17.461963440222846
2002-06-10,40.57265363100815,-24.194436613817704,-20.724396171910584,18.965353141470082
2002-06-11,40.34335675293768,-26.099259643344066,-20.64927758501601,17.79345334522919
2002-06-12,38.7228713189062,-24.673861257224022,-21.079864434360005,17.751964816412446
2002-06-13,36.68702978846612,-25.742502078091476,-20.99558187142342,17.675255206508055
2002-06-14,37.44690064832142,-25.640620665797037,-19.45701772193399,18.61072875777815
2002-06-15,37.972030039139376,-26.73482590794355,-18.745358792195777,16.273973126500177
2002-06-16,37.221002319857405,-25.974994309807652,-17.02156790397059,16.210111212417043
2002-06-17,37.28363698675536,-25.589474824491703,-17.084507619382624,15.060899499007942
2002-06-18,35.72367919175578,-25.86365432982043,-19.219914747511286,14.030977290379465
2002-06-19,35.54339124859638,-26.989683430312017,-19.52539435755146,11.947380927573684
2002-06-20,35.152714816911725,-28.180634096269635,-20.8927242871016,12.645818617570693
2002-06-21,35.65686639314269,-27.91787044198913,-20.638201576477194,13.805315089869428
2002-06-22,35.03596642508989,-28.36530885316543,-19.59340590610544,14.89187784440295
2002-06-23,35.623318679906085,-27.111370776212567,-19.65072426004799,16.19954336673613
2002-06-24,33.767847948499586,-25.420968449629566,-18.766504559655992,16.749429958330037
2002-06-25,34.303571007791376,-26.6722462784919,-17.638150928960922,16.00259140837422
2002-06-26,36.20765303381028,-28.437580944862685,-18.49272608004842,14.426499870552899
2002-06-27,35.966897180917044,-29.965132602487902,-15.280958539893593,14.475896873117364
2002-06-28,35.34201086873819,-28.73227667133555,-15.18964323880148,13.452467741782408
2002-06-29,36.20808607862854,-28.330143456738664,-15.336667807099861,13.87757284589164
2002-06-30,34.23161399306851,-29.54697848126012,-14.880070064407613,12.857486581868027
2002-07-01,34.84841877403897,-30.52084719186238,-15.197450259107349,11.85928068589402
2002-07-02,35.57707897036123,-29.646988801111135,-18.342448956088948,12.760960818525827
2002-07-03,35.61024420504441,-30.1772435716367,-18.300190124018318,14.347467285748799
2002-07-04,34.5189441506686,-29.91415333240794,-18.26171607033298,13.51009235947514
2002-07-05,33.29148792739691,-28.827321221679295,-18.721605056962648,13.836802695284796
2002-07-06,33.277272948143846,-29.514208349938627,-17.49636772624598,13.096762146471495
2002-07-07,33.47214264229611,-28.962294512800117,-18.583810898484273,13.710860946764534
2002-07-08,32.88552346103437,-27.686943147905556,-17.729064812576652,13.44372191302447
2002-07-09,32.930916776395314,-27.51022611712549,-18.05908082759513,14.33999627804791
2002-07-10,31.89992194653696,-26.926428586746344,-16.747297172758557,13.82829045368969
2002-07-11,32.19339072869235,-27.156058186092515,-15.195619644119805,13.927296846333459
2002-07-12,31.918537853284278,-28.719651475810704,-16.00441883548399,12.830887941208832
2002-07-13,32.4356317938592,-28.450602907501406,-17.03055446900665,11.533292552700837
2002-07-14,32.315012383593555,-26.53082567109395,-17.084845616182015,11.619792452018253
2002-07-15,32.123831280133906,-27.544300628835373,-15.22358685069105,11.879457276260863
2002-07-16,32.29217557801963,-28.759793826404913,-15.666132690376706,12.246536071029194
2002-07-17,33.86495448780554,-28.40564800813678,-16.182036162385728,12.000961978762017
2002-07-18,33.36291078368948,-28.31147249506916,-17.088117310936546,11.437992622599067
2002-07-19,34.27881659799694,-28.03194120980503,-15.699296636051761,10.353014969555522
2002-07-20,33.184627571150784,-28.901314979837487,-15.74608356561418,11.263520387431116
2002-07-21,34.281264105602716,-29.351947714705766,-17.538565641745905,13.604068202636444
2002-07-22,33.56201130743528,-29.070531919822006,-17.0898218877824,15.197016200500354
2002-07-23,32.73761827169565,-31.36321541123549,-15.672498848135534,13.079207896229903
2002-07-24,32.459243228699464,-29.781664055782404,-12.710056542370836,12.237775771964095
2002-07-25,33.16573464518703,-28.847024995521103,-11.766306024688099,12.657529110453869
2002-07-26,32.50094918294093,-30.084096102784216,-12.137311857461423,11.799282352839425
2002-07-27,30.764162976322588,-28.622024033939347,-10.177554439010873,10.910162372750808
2002-07-28,31.644416704137825,-28.626396036139084,-9.99168424537813,10.075771420881452
2002-07-29,32.26127813412481,-30.680227295590747,-9.259264484500802,10.04078330913054
2002-07-30,33.524381286105736,-30.911705791125005,-7.464985316544644,9.542455707552723
2002-07-31,33.46304324332314,-29.360335298430464,-9.058367719440058,7.797604706711744
2002-08-01,34.654285019399204,-29.35774168601815,-9.041378544741583,8.078665054618343
2002-08-02,32.20907504433493,-31.74630089633561,-7.273777240388207,6.818425339532104
2002-08-03,32.245340983575616,-33.360661883067316,-7.413991202526572,5.9630167392060445
2002-08-04,33.39997520808273,-33.222396819878114,-7.897081370100972,8.468943501820199
2002-08-05,32.45301328480245,-33.607057402938146,-6.818329967431827,9.249198518937714
2002-08-06,31.828793847114095,-34.35875525061053,-6.461674767312065,9.75263211037318
2002-08-07,31.1118936857948,-35.632492249024274,-6.300463868362267,8.910550027385902
2002-08-08,30.702996586881294,-34.95135198864631,-6.585713024150955,7.870532706886423
2002-08-09,30.39829204974664,-33.528073841877706,-7.286278278879731,7.710711226075995
2002-08-10,30.20659323736851,-32.81637161333803,-6.473500043374502,7.595518128408235
2002-08-11,30.750235365014156,-34.14250841894147,-8.09514136637545,7.454074034273282
2002-08-12,29.814303668277958,-34.23512240876507,-8.35975888128739,5.987239381238197
2002-08-13,29.8757823500082,-31.297726517140376,-8.883048203712724,6.938602507903463
2002-08-14,32.08059489334179,-31.027067649976928,-8.598330896103525,8.097175598309567
2002-08-15,31.538632407917536,-31.928367234633548,-10.00435456834709,8.718162286032964
2002-08-16,32.36751270298395,-31.366042543026158,-9.57275386206962,10.40068547110802
2002-08-17,32.90342133262154,-33.77226645319719,-9.80048790365616,10.42150290002507
2002-08-18,32.61564953150576,-33.77180564139088,-10.51162381160113,10.813449038912827
2002-08-19,33.267722777124014,-32.11422585262741,-10.254422734434156,12.273170403247626
2002-08-20,32.455828498251535,-31.57194679378471,-10.549040719670973,11.66143033731716
2002-08-21,33.66699213055674,-32.203912492496734,-11.584501157702535,10.900898047298318
2002-08-22,31.570503487513275,-32.022597313057496,-11.458425349686019,11.871220759090875
2002-08-23,31.987273325474774,-30.296720476391062,-10.22043475144926,11.169731890405677
2002-08-24,30.661701717922462,-28.115007923116934,-10.40482883208581,11.001761554500318
2002-08-25,31.60350644568135,-28.0454996452277,-11.799768418996228,10.87890847580969
2002-08-26,30.914992554378898,-28.21081347172463,-12.58691706266269,10.395592157281225
2002-08-27,31.271426098500598,-28.954677965374238,-12.525986740792677,10.934583406687985
2002-08-28,32.447782839687974,-31.404437830587945,-13.007731554617955,8.806458176953083
2002-08-29,31.517878801463265,-30.95852111834316,-13.112636273745583,10.173795123618092
2002-08-30,30.397178537433373,-31.184192962731505,-10.37188040966485,11.259468733459146
2002-08-31,30.492671138249648,-30.812708088192405,-8.311157707609818,12.175360555351464
2002-09-01,31.995730017190994,-31.129176716129315,-7.707199522639517,13.15960021330152
2002-09-02,31.578743449020244,-29.552873600559888,-7.201356573429081,14.094785116378015
2002-09-03,32.675543769635695,-28.51155557142355,-6.344255905686229,14.186821311520937
2002-09-04,30.48956478646137,-29.502237157079733,-5.58651684004466,13.943080933244282
2002-09-05,32.48156321855372,-29.13971646195937,-5.519763372573522,12.996318464588311
2002-09-06,32.46267844670959,-28.395436500432876,-5.540162071970682,13.861005490193921
2002-09-07,32.94045359201581,-27.777253669894463,-6.156046398069171,13.594504622166772
2002-09-08,31.011906165378218,-26.743747353627086,-6.045280781344207,13.707782838559993
2002-09-09,29.11895246320164,-28.100488474188136,-5.352159732325246,13.407699716199929
2002-09-10,27.873057744759876,-29.49185316797357,-5.827542253615265,13.60109612252322
2002-09-11,29.746706425570874,-29.73874698140895,-7.006610211799278,14.74405832308345
2002-09-12,29.07418065622456,-30.311646045963748,-8.286638855352546,14.665766266148326
2002-09-13,28.517880086874165,-31.238123779320475,-8.938703333132594,15.20267927835718
2002-09-14,29.095397784090267,-32.696459410189945,-7.213725977580573,15.444302564232432
2002-09-15,27.899946476383793,-33.37736419380358,-6.896752485517434,15.313304104776284
2002-09-16,27.71337663391263,-32.997816296427686,-6.76525455821494,16.58731858089673
2002-09-17,29.549853942082358,-33.5189394746278,-6.653343181478021,18.13271757848673
2002-09-18,30.634689712598036,-33.62511415660401,-7.009287359691764,17.828870163265318
2002-09-19,31.113492760706613,-35.58431318354113,-8.871690325915036,16.29073146616862
2002-09-20,29.012204095458898,-35.860150319672755,-8.825215177556451,14.80180159354969
2002-09-21,28.233192175999967,-35.417183540854396,-8.767900056082125,16.03857914147085
2002-09-22,27.707311642935874,-35.629134909320705,-8.937702211194905,17.0271241883111
2002-09-23,29.252742360287552,-35.77958883793416,-9.18831582479551,15.939645058074019
2002-09-24,30.185967353481736,-35.063742009858565,-9.81499797935934,15.498125808262358
2002-09-25,30.040278139477664,-35.00162841272742,-8.615582301851118,16.41007204056915
2002-09-26,29.51868220851835,-35.92635651859452,-7.657601170191768,15.646444760592413
